pelvis mean,pelvis range,spine mean
2.03336819596025,4.739263623645783,0.2596111845761868
